"","gbm.threshold","rf.threshold","lgr.threshold"
"1",0.460841650709712,0.305,0.0685945659921045
